{
  "test_config": {
    "endpoint": "urbansound-classifier-v1",
    "local_url": "http://127.0.0.1:5000/invocations",
    "num_requests": 2000,
    "test_duration": 194.61876034736633
  },
  "aws": {
    "success_count": 478,
    "error_count": 1522,
    "success_rate": 23.9,
    "metrics": {
      "total": 478,
      "response_time": {
        "min": 0.1776258945465088,
        "max": 42.72203302383423,
        "mean": 25.046068771114907,
        "median": 30.88901937007904,
        "std": 13.318804753309685,
        "p95": 40.53964686393738,
        "p99": 42.02399301528931
      },
      "timeline": {
        "first_response": 11.775829553604126,
        "last_response": 71.81184077262878,
        "completion_window": 60.03601121902466
      },
      "throughput": 7.961888045095971,
      "inference_time": {
        "min": 0.17619895935058594,
        "max": 42.71600556373596,
        "mean": 25.02974590347402,
        "median": 30.83828365802765,
        "p95": 40.51596474647522
      },
      "confidence": {
        "min": 0.8161315321922302,
        "max": 1.0,
        "mean": 0.9991652411895816,
        "median": 0.9999844431877136
      }
    }
  },
  "local": {
    "success_count": 0,
    "error_count": 2000,
    "success_rate": 0.0,
    "metrics": null
  }
}