{
  "test_config": {
    "endpoint": "urbansound-classifier-v1",
    "local_url": "http://127.0.0.1:5000/invocations",
    "num_requests": 2000,
    "test_duration": 173.22956156730652
  },
  "aws": {
    "success_count": 359,
    "error_count": 1641,
    "success_rate": 17.95,
    "metrics": {
      "total": 359,
      "response_time": {
        "min": 0.23082351684570312,
        "max": 42.85851550102234,
        "mean": 25.52645796720032,
        "median": 29.991220712661743,
        "std": 12.762877039115628,
        "p95": 38.84372043609619,
        "p99": 40.705734968185425
      },
      "timeline": {
        "first_response": 10.185072422027588,
        "last_response": 50.7830855846405,
        "completion_window": 40.598013162612915
      },
      "throughput": 8.842797270941485,
      "inference_time": {
        "min": 0.23082351684570312,
        "max": 42.85800909996033,
        "mean": 25.51318359308588,
        "median": 29.971476316452026,
        "p95": 38.84262824058533
      },
      "confidence": {
        "min": 0.9299837946891785,
        "max": 1.0,
        "mean": 0.9995570846918898,
        "median": 0.999976396560669
      }
    }
  },
  "local": {
    "success_count": 0,
    "error_count": 2000,
    "success_rate": 0.0,
    "metrics": null
  }
}